<templates xml:space="preserve">
    <t t-name="ti_loan_management.EditApplication" name="Mortgage Loan | Edit Account">
        <div class="container ">
                    <div class="row">
                        <div class="col-md-12 mt-4">
                                <div class="card  bg-white shadow p-5">
                                    <div class="mb-4 text-center">
                                        <h4 class="text-center text-blue"> Edit account</h4>
                                        <div class="row h-100">
                                                <div class="col-2" id="green">
                                                    <!-- Tab Navigation -->
                                                    <ul class="nav nav-tabs">
                                                        <li class="nav-item">
                                                            <a href="#" class="nav-link "  t-att-class="{active: state.activeTab === 'tab1'}" t-on-click.prevent="setActiveTab.bind(this, 'tab1')">
                                                                About Me
                                                            </a>
                                                        </li>
                                                        <li class="nav-item">
                                                            <a href="#" class="nav-link "  t-att-class="{active: state.activeTab === 'tab2'}" t-on-click.prevent="setActiveTab.bind(this, 'tab2')">
                                                                Where i Live
                                                            </a>
                                                        </li>
                                                        <li class="nav-item">
                                                            <a href="#" class="nav-link " t-att-class="{active: state.activeTab === 'tab3'}" t-on-click.prevent="setActiveTab.bind(this, 'tab3')">
                                                                My Job
                                                            </a>
                                                        </li>
                                                        <!-- <li class="nav-item">
                                                            <a href="#" class="nav-link " t-att-class="{active: state.activeTab === 'tab4'}" t-on-click.prevent="setActiveTab.bind(this, 'tab4')">
                                                               Expenses 
                                                            </a>
                                                        </li> -->
                                                        
                                                    </ul>
                                                    

                                                </div>
                                                <div class="col-10">
                                                        <div class="tab-content mt-4">
                                                            <div class="tab-pane" t-att-class="{active: state.activeTab === 'tab1'}">
                                                                <div class="row">
                                                                    <div class="col-md-6 tab_title">
                                                                        <h3>About me</h3>
                                                                    </div>
                                                                    <t t-call="ti_loan_management.aboutmeedit"></t>
                                                                </div>
                                                                
                                                            </div>
                                                            <div class="tab-pane" t-att-class="{active: state.activeTab === 'tab2'}">
                                                                <div class="row">
                                                                    <div class="col-md-6 tab_title">
                                                                         Where I Live
                                                                    </div>
                                                                    <t t-call="ti_loan_management.liveedit"></t>
                                                                </div>
                                                            </div>
                                                            <div class="tab-pane" t-att-class="{active: state.activeTab === 'tab3'}">
                                                                <div class="row">
                                                                    <div class="col-md-6 tab_title">
                                                                        <h3>My Job</h3>
                                                                    </div>
                                                                    <t t-call="ti_loan_management.jobedit"></t>
                                                                </div>
                                                            </div>
                                                            <!-- <div class="tab-pane" t-att-class="{active: state.activeTab === 'tab4'}">
                                                                <div class="row">
                                                                    <div class="col-md-6 tab_title">
                                                                        <h3>Mortgage </h3>
                                                                    </div>
                                                                     <t t-call="ti_loan_management.expenseedit"></t>
                                                                </div>
                                                            </div> -->
                                                           
                                                        </div>
                                                </div>
                                               
                                            </div>
                                    </div>
                                </div>
                        </div>
                    </div>
            </div>
    </t>
</templates>
