<?xml version="1.0" encoding="utf-8"?>
<odoo>
    <data noupdate="1">
        <!-- Remove menu for discuss application as cuda is not using discuss application  -->
        <!-- <delete model="ir.ui.menu" id="mail.menu_root_discuss"/> -->

        <!-- Remove default partner titles and add cuda titles -->
    	<!-- <delete id="base.res_partner_title_madam" model="res.partner.title"/>
    	<delete id="base.res_partner_title_miss" model="res.partner.title"/>
    	<delete id="base.res_partner_title_sir" model="res.partner.title"/>
    	<delete id="base.res_partner_title_mister" model="res.partner.title"/>
    	<delete id="base.res_partner_title_doctor" model="res.partner.title"/>
    	<delete id="base.res_partner_title_prof" model="res.partner.title"/> -->

        <record id="res_partner_title_mr1" model="res.partner.title">
            <field name="name">Mr.</field>
            <field name="shortcut">Mr.</field>
        </record>
        
        <record id="res_partner_title_mrs1" model="res.partner.title">
            <field name="name">Mrs.</field>
            <field name="shortcut">Mrs.</field>
        </record>
        
        <record id="res_partner_title_ms1" model="res.partner.title">
            <field name="name">Ms.</field>
            <field name="shortcut">Ms.</field>
        </record>

         <!-- create interest rates decimal precision  -->
         <record forcecreate="True" id="sam_interest_rate_decimal" model="decimal.precision">
            <field name="name">Interest Rates</field>
            <field name="digits">3</field>
        </record>
    </data>
</odoo>