<?xml version="1.0" encoding="utf-8"?>
<odoo>
    <data noupdate="1">
        <!-- Category for Secure Application Management -->
	    <record model="ir.module.category" id="module_category_appsmod2_loan_officer">
	        <field name="name">Loan Officer</field>
	        <field name="sequence">20</field>
	    </record>
	    
	    <record model="ir.module.category" id="module_category_appsmod2_external">
	        <field name="name">External</field>
	        <field name="sequence">21</field>
	    </record>

        <!-- Roles available for Secure Application Management -->
	    <record id="group_appsmod2_loan_user" model="res.groups">
	        <field name="name">Officer - View Only</field>
	        <field name="category_id" ref="module_category_appsmod2_loan_officer"/>
	    </record>
		
		<record id="group_appsmod2_loan_officer" model="res.groups">
	        <field name="name">Senior Officer</field>
	        <field name="category_id" ref="module_category_appsmod2_loan_officer"/>
	        <field name="implied_ids" eval="[(4, ref('group_appsmod2_loan_user'))]"/>
	    </record>
	    
	    <record id="group_appsmod2_external_user" model="res.groups">
	        <field name="name">Assessor</field>
	        <field name="category_id" ref="module_category_appsmod2_external"/>
	    </record>

		<record id="group_mortgage_product_user" model="res.groups">
	        <field name="name">Access Mortgage Product</field>
	    </record>

		<!-- Default multi-company rule for contacts share users to all companies by default, so for cuda changing this to display company specific contacts -->
		<record model="ir.rule" id="cuda_partner_multi_company_rule">
			<field name="name">CUDA contacts multi-company rule</field>
			<field name="model_id" ref="model_res_partner"/>
			<field name="domain_force">['|', ('company_id', '=', False), ('company_id', 'in', company_ids)]</field>
		</record>

		<!-- Rules for Secure Application Management -->
		<record model="ir.rule" id="appsmod2_application_external_user_rule">
	        <field name="name">Application | External User</field>
	        <field name="model_id" ref="model_application"/>
	        <field name="domain_force">['|', ('external_assessor_user', '=', user.id), ('assignee','=',user.id)]</field>
	        <field name="groups" eval="[(4,ref('group_appsmod2_external_user'))]"/>
	    </record>

		<record model="ir.rule" id="appsmod2_application_view_only_user_rule">
	        <field name="name">Application | View Only User multi-company rule</field>
	        <field name="model_id" ref="model_application"/>
	        <field name="domain_force">['|',('company_id','=',False),('company_id', 'in', company_ids)]</field>
	        <field name="groups" eval="[(4,ref('group_appsmod2_loan_user'))]"/>
	    </record>

		<!-- TODO: multi-company rule is already applied on loan officer and through inheritance, it will be applied to senior officer as well.
		So we don't need this rule but for compatability while data migration, we are keeping this rule for right now but it can be removed. -->
		<record model="ir.rule" id="appsmod2_application_senior_officer_user_rule">
	        <field name="name">Application | Senior Officer User multi-company rule</field>
	        <field name="model_id" ref="model_application"/>
	        <field name="domain_force">['|',('company_id','=',False),('company_id', 'in', company_ids)]</field>
	        <field name="groups" eval="[(4,ref('group_appsmod2_loan_officer'))]"/>
	    </record>

		<record id="mortgage_product_comp_rule" model="ir.rule">
			<field name="name">Mortgage product multi-company user rule</field>
			<field name="model_id" ref="model_mortgage_product"/>
			<field name="groups" eval="[(4,ref('group_appsmod2_loan_user')), (4,ref('group_mortgage_product_user'))]"/>
			<field name="domain_force">['|',('company_id','=',False),('company_id', 'in', company_ids)]</field>
		</record>

    </data>
</odoo>